Property ID,Property Name,Year Built,Owner Organization Name,Owner Company Type,Address 1,City,State,Zip Code,County,Total Subsidized Units,Number of Residents,Contract #1,#1 Program Type and Status,#1 Assisted Units,#1 Overall Expiration Date,#1 Section Current Expiration Date,Earliest Active Contract Expiration Date,% Occupied,Household Size,Avg Household Income,Avg Household Rental Contribution,Avg Federal Spending per Unit,Household Income as Percent of AMI,% Households Extremely Low Income,% Disabled Residents,% Senior-headed Households,Unit Type,Physical Inspection Score,Physical Inspection Date,Physical Condition Category
800018971,UNIVERSITY SQUARE PLAZA,1978,University Plaza Associates,Profit Motivated,3901 MARKET ST,PHILADELPHIA,PA,19104,Philadelphia,440,501,PA26H084027,"Other S8 New, Active",440,2/15/20,2/15/17,2020,99,1.1,11375,267,775,20,88,38,82,100% 1BR,66,4/11/16,Standard 3
800018418,Samuel Tabas Apartments,1974,Samuel Tabas Apartments LP,Profit Motivated,2101 STRAHLE ST,PHILADELPHIA,PA,19152,Philadelphia,300,334,PA26M000092,"S8 Loan Mgmt, Active",300,12/5/33,12/5/17,2033,99,1.1,9743,231,598,17,98,1,99,100% 1BR,99,9/21/15,Standard 1
800018188,AMERICAN POSTAL WORKERS HOUSE,1980,American Postal Workers House Associates,Profit Motivated,801 LOCUST ST,PHILADELPHIA,PA,19107,Philadelphia,299,369,PA268023015,"Other S8 New, Active",299,12/31/30,12/31/17,2030,100,1.2,10742,253,1172,18,94,13,92,100% 1BR,97,8/26/14,Standard 1
800018778,PHILIP MURRAY HOUSE,2016,FFPM Housing Partners LP,Profit Motivated,6300 OLD YORK ROAD,PHILADELPHIA,PA,19141,Philadelphia,299,313,PA26M000090,"S8 Loan Mgmt, Active",299,12/22/35,12/22/17,2035,94,1.1,12131,285,587,21,85,11,99,100% 1BR,,,
800018937,THE PAVILION,1968,Pavilion Apartments Penn LLC,Non-Profit,3901 CONSHOHOCKEN AVE,PHILADELPHIA,PA,19131,Philadelphia,295,301,PA26M000112,"S8 Loan Mgmt, Active",295,5/31/32,5/31/17,2032,100,1,10760,250,649,19,89,14,96,100% 1BR,97,3/8/16,Standard 1
800018871,John Fox Towers,2017,John Fox Housing Partners LP,Profit Motivated,22 S 22ND ST,PHILADELPHIA,PA,19103,Philadelphia,260,335,PA26M000103,"S8 Loan Mgmt, Active",260,8/31/17,8/31/17,2017,99,1.3,7914,184,598,14,94,8,98,100% 1BR,,,
800018733,OVERMONT HOUSE,1975,OVERMONT CORPORATION,Non-Profit,4001 Monument RD,PHILADELPHIA,PA,19131,Philadelphia,234,207,PA26L000022,"S8 Loan Mgmt, Active",234,4/30/17,4/30/17,2017,97,1,11766,275,600,21,89,15,91,100% 1BR,100,3/13/14,Standard 1
800018431,FOUR FREEDOMS HOUSE,2016,FFPM Housing Partners LP,Profit Motivated,6101 MORRIS ST,PHILADELPHIA,PA,19144,Philadelphia,220,224,PA26M000089,"S8 Loan Mgmt, Active",220,12/22/35,12/22/17,2035,96,1,12485,292,600,22,83,13,99,100% 1BR,,,
800018883,SPRING GARDEN TOWERS,1979,Lutheran Associates,Profit Motivated,1818 SPRING GARDEN ST,PHILADELPHIA,PA,19107,Philadelphia,208,232,PA26H084003,"Other S8 New, Active",208,2/20/18,2/20/17,2018,99,1.1,12195,277,1088,21,80,16,92,100% 1BR,94,5/15/13,Standard 1
800019038,WISTER TOWNHOUSES,1979,"Wister Associates, A Limited Partnership",Profit Motivated,292 East Ashmead Street,PHILADELPHIA,PA,19144,Philadelphia,198,544,PA26H084049,"Other S8 New, Expired",198,1/14/17,1/14/17,,98,2.8,13752,311,951,20,83,9,9,"9% 1BR, 49% 2BR, 42% 3BR",92,11/2/15,Standard 1
800018528,ROBERT SALIGMAN HOUSE,1994,"Robert Saligman Apartments, LP",Profit Motivated,8900 ROOSEVELT BLVD,PHILADELPHIA,PA,19115,Philadelphia,180,217,PA260050201,"Sec. 202, Active",180,12/18/34,12/18/17,2034,96,1.2,10669,251,540,18,93,6,97,100% 1BR,97,6/9/14,Standard 1
800030586,LARCHWOOD GARDENS APTS,1925,Larchwood Garden Apartments LLC,Profit Motivated,2820 S 81ST ST,PHILADELPHIA,PA,19153,Philadelphia,,,PA26E000006,"S8 Prop. Disp., Active",179,12/31/34,12/31/17,2034,,,,,,,,,,,,,
800018964,UNICO VILLAGE,1965,Unico Village II LP,Profit Motivated,7199 BRANT PL,PHILADELPHIA,PA,19153,Philadelphia,164,174,PA26M000091,"S8 Loan Mgmt, Active",164,2/28/35,2/28/17,2035,97,1.1,12647,292,580,22,81,18,94,100% 1BR,97,11/18/15,Standard 1
800018677,MONTE VISTA APTS,1983,Monte Vista Limited Dividend Housing Associates,Profit Motivated,931 N 63rd ST,PHILADELPHIA,PA,19151,Philadelphia,,,PA26H084099,"S8 State Agency, Active",158,10/31/26,10/31/17,2026,,,,,,,,,,,93,7/10/14,Standard 1
800018753,PARK TOWER,1982,Park Preservation Limited Partnership,Profit Motivated,4001 CONSHOHOCKEN AVE,PHILADELPHIA,PA,19131,Philadelphia,,,PA26H084089,"S8 State Agency, Active",156,9/4/34,9/4/17,2034,,,,,,,,,,,94,1/29/14,Standard 1
800241909,EPHRAIM GOLDSTEIN APARTMENTS,1960,Ephraim Goldstein Apartments LP,Profit Motivated,12003 Bustleton Ave,Philadelphia,PA,19116,Philadelphia,268,346,PA268023006,"Other S8 New, Active",154,12/18/34,12/18/17,2034,96,1.3,11061,261,592,19,94,4,98,100% 1BR,81,4/12/16,Standard 2
800018821,RIVERSIDE PRESBYTERIAN,1970,Riverside Senior Apartments LP,Profit Motivated,158 N 23rd ST,PHILADELPHIA,PA,19103,Philadelphia,150,172,PA262984201,"Sec. 202, Active",150,12/31/32,12/31/17,2032,98,1.1,12888,291,785,23,78,16,95,100% 1BR,99,9/29/14,Standard 1
800018199,ASCENSION MANOR,1968,"ASCENSION MANOR, Inc",Non-Profit,911 N FRANKLIN ST,PHILADELPHIA,PA,19123,Philadelphia,229,270,PA260945202,"Sec. 202, Active",140,2/28/34,8/31/17,2034,98,1.2,11190,261,1018,20,92,8,97,100% 1BR,91,4/29/14,Standard 1
800018480,HADDINGTON ELDERLY,1982,Haddington Elderly Associates,Profit Motivated,5600 Race Street,PHILADELPHIA,PA,19139,Philadelphia,135,137,PA26H084088,"S8 State Agency, Active",135,2/28/17,2/28/17,2017,100,1,13700,322,666,24,79,10,91,100% 1BR,93,12/23/14,Standard 1
800018678,JACKIE'S GARDEN,,Montgomery Family Associates,Profit Motivated,1821 N. 20th Street,PHILADELPHIA,PA,19121,Philadelphia,134,333,PA260049018,"Other S8 New, Active",134,6/30/24,6/30/17,2024,98,2.4,13048,301,848,19,83,16,18,"21% 1BR, 39% 2BR, 40% 3BR",89,9/9/15,Standard 2
800019003,WASHINGTON SQUARE WEST,,"Washington Square West Preservation, L.P.",Profit Motivated,220 S 11TH ST,PHILADELPHIA,PA,19107,Philadelphia,132,199,PA260044006,"Other S8 Rehab, Active",132,11/22/24,11/22/17,2024,99,1.5,11690,280,1208,20,82,41,24,"76% 1BR, 21% 2BR, 4% 3BR",92,11/3/15,Standard 1
800018218,BECKETT GARDEN APARTMENTS,1968,Beckett Gardens Apartments II LP,Profit Motivated,1400 N 16TH ST,PHILADELPHIA,PA,19121,Philadelphia,131,270,PA26M000094,"S8 Loan Mgmt, Active",131,11/13/32,11/13/17,2032,99,2.1,12307,287,1101,19,80,13,21,"26% 1BR, 50% 2BR, 24% 3BR",99,10/1/15,Standard 1
800018467,GRAY MANOR APTS,1981,BRIGHT HOPE NON-PROFIT CORP.,Non-Profit,1600 N 8TH ST,PHILADELPHIA,PA,19122,Philadelphia,129,131,PA268023004,"Other S8 New, Active",129,8/31/25,8/31/17,2025,96,1,11866,279,592,21,86,11,97,100% 1BR,99,11/18/14,Standard 1
800018729,OPPORTUNITIES FOR AGING,1981,"Opportunities Towers I & II, Limited Partnership",Profit Motivated,1717 W HUNTING PARK AVE,PHILADELPHIA,PA,19140,Philadelphia,275,287,PA26T831012,"Sec. 202, Active",125,8/21/32,8/21/17,2032,99,1.1,11481,271,893,20,89,10,96,100% 1BR,100,2/14/14,Standard 1
800018846,SCOTTISH RITE HOUSE,1979,Supreme Council Fitzwater Development Corporation,Non-Profit,1525 FITZWATER ST,PHILADELPHIA,PA,19146,Philadelphia,125,145,PA26T813008,"Sec. 202, Active",125,11/20/34,11/20/17,2034,99,1.1,13340,311,970,23,82,18,97,"95% 1BR, 5% 2BR",,,
800018481,HADDINGTON TOWNHOUSES,1925,Haddington Family Associates,Profit Motivated,5437 Wyalusing AVE,PHILADELPHIA,PA,19131,Philadelphia,,,PA26H084103,"S8 State Agency, Active",125,5/31/25,5/31/17,2025,,,,,,,,,,,91,7/8/13,Standard 1
800018435,AWBURY VIEW,1950,"Awbury View Associates, LP",Profit Motivated,6320 CHEW AVE,PHILADELPHIA,PA,19138,Philadelphia,,,PA26H084117,"S8 State Agency, Active",124,10/31/34,10/31/17,2034,,,,,,,,,,,96,7/1/15,Standard 1
800018947,TIOGA PRESBYTERIAN APARTMENTS,1996,TIOGA PRESBYTERIAN APTS INC,Non-Profit,1531 W TIOGA ST,PHILADELPHIA,PA,19140,Philadelphia,113,113,PA26S931007,"PRAC 202/811, Active",113,12/31/17,12/31/17,2017,98,1,12408,289,444,22,88,4,100,100% 1BR,90,12/11/14,Standard 1
800019042,WOODSTOCK COOPERATIVE,,Woodstock Mutual Homes  Inc.,Non-Profit,2829 NORTH LAMBERT ST,PHILADELPHIA,PA,19132,Philadelphia,,,PA268023025,"Other S8 New, Active",108,7/31/17,7/31/17,2017,,,,,,,,,,,59,5/13/14,Standard 3
800018838,SALIGMAN NORTH,1971,"ROBERT SALIGMAN  HOUSE, INC.",Non-Profit,8900 ROOSEVELT BLVD,PHILADELPHIA,PA,19115,Philadelphia,107,130,PA26S911001,"PRAC 202/811, Active",107,8/31/17,8/31/17,2017,100,1.2,10777,250,381,19,96,0,100,100% 1BR,98,11/10/14,Standard 1
800018847,SCOTTISH RITE TOWER,1915,SCOTTISH RITE TOWER DEVELOPMENT CORP.,Non-Profit,1514 FITZWATER ST,PHILADELPHIA,PA,19146,Philadelphia,106,107,PA26S931002,"PRAC 202/811, Active",106,10/31/17,10/31/17,2017,97,1.1,12684,292,591,22,86,1,100,100% 1BR,99,11/2/15,Standard 1
800018911,STEPHEN SMITH TOWERS,1967,"Stephen Smith Towers, Apartments for the Elderly, Inc.",Non-Profit,1030 BELMONT AVE,PHILADELPHIA,PA,19104,Philadelphia,108,104,PA26M000097,"S8 Loan Mgmt, Active",105,2/17/36,2/17/17,2036,95,1,11065,263,620,19,92,54,69,100% 1BR,98,10/27/15,Standard 1
800018980,VENANGO HOUSE,,2101 Venango Limited Partnership,Limited Dividend,2104 W VENANGO ST,PHILADELPHIA,PA,19140,Philadelphia,,,PA26H084086,"S8 State Agency, Active",105,5/16/32,5/16/17,2032,,,,,,,,,,,98,1/30/14,Standard 1
800018725,OLDE KENSINGTON PAVILLION,1985,Olde Kensington LP,Profit Motivated,1250 N 3RD ST,PHILADELPHIA,PA,19122,Philadelphia,103,112,PA26T831022,"Sec. 202, Active",103,7/21/35,7/21/17,2035,99,1.1,10860,255,948,19,94,5,100,100% 1BR,94,8/23/13,Standard 1
800018443,FRIENDS GUILD HOUSE WEST,1963,"GUILD HOUSE WEST, INC",Non-Profit,1221 FAIRMOUNT AVE,PHILADELPHIA,PA,19123,Philadelphia,100,101,PA261001203,"Sec. 202, Active",100,5/31/30,5/31/17,2030,98,1,11984,275,685,21,87,25,91,"96% 1BR, 4% 2BR",94,12/29/14,Standard 1
800018651,MARY FIELD,1992,"SOUTHWEST PHILADELPHIA PRESBYTERY APARTMENTS, INC.",Non-Profit,2100 S 58TH ST,PHILADELPHIA,PA,19143,Philadelphia,99,106,PA26S911007,"PRAC 202/811, Active",99,8/31/17,8/31/17,2017,99,1,12505,287,423,22,85,4,100,100% 1BR,98,12/8/14,Standard 1
800018876,SOMERSET VILLAS,,Somerset Villas Inc,Non-Profit,200 E SOMERSET ST,PHILADELPHIA,PA,19134,Philadelphia,,,PA26T881008,"Sec. 202, Active",99,10/28/33,10/28/17,2033,,,,,,,,,,,97,1/11/16,Standard 1
800018453,GERMANTOWN INTERFAITH,2005,GERMANTOWN INTERFAITH HOUSE INC,Non-Profit,14-20 W. Chelten AVE,PHILADELPHIA,PA,19144,Philadelphia,95,98,PA26T851021,"Sec. 202, Active",95,12/31/34,12/31/17,2034,97,1,11739,279,969,21,89,36,78,100% 1BR,,,
800018892,ST GEORGE ATHENAGORAS,2005,ST. GEORGE SENIOR HOUSING CORPORATION,Non-Profit,850 LOCUST ST,PHILADELPHIA,PA,19107,Philadelphia,94,101,PA26M000114,"S8 Loan Mgmt, Active",94,5/31/19,5/31/17,2019,96,1.1,11362,263,497,20,91,24,86,100% 1BR,70,4/1/16,Standard 3
800206428,CARL MACKLEY APARTMENTS,1935,CMH Development LP DBA Carl Mackley Apartments,Profit Motivated,1401 E Bristol St Bldg A,Philadelphia,PA,19124,Philadelphia,,,PAPF0019507,"Pension Fund, Active",92,8/31/18,8/31/17,2018,,,,,,,,,,,94,9/9/14,Standard 1
800018442,FRIENDS GUILD HOUSE EAST,1963,Guild House East LP,Profit Motivated,711 SPRING GARDEN ST,PHILADELPHIA,PA,19123,Philadelphia,89,92,PA26M000163,"S8 Loan Mgmt, Active",89,3/31/31,3/31/17,2031,97,1,10408,248,905,18,92,30,86,"97% 1BR, 3% 2BR",92,10/21/14,Standard 1
800019046,ZION GARDENS APTS,1965,"Zion Gardens, LP",Profit Motivated,1101  W GIRARD AVE,PHILADELPHIA,PA,19123,Philadelphia,89,151,PA26L000034,"S8 Loan Mgmt, Active",89,12/22/34,12/22/17,2034,92,1.7,11186,262,944,18,89,17,28,"75% 1BR, 25% 2BR",,,
800018938,SARAH ALLEN,1931,"SARAH ALLEN SENIOR HOUSING,  INC.",Non-Profit,4035 PARRISH ST,PHILADELPHIA,PA,19104,Philadelphia,87,80,PA26S931005,"PRAC 202/811, Active",87,5/31/18,5/31/18,2018,90,1,10937,258,625,19,90,8,99,100% 1BR,92,1/3/14,Standard 1
800018562,KEARSLEY HOME,1890,Kearsley Equities LP,Profit Motivated,2100 N 49TH ST,PHILADELPHIA,PA,19131,Philadelphia,87,85,PA26T794002,"Sec. 202, Active",87,5/31/33,5/31/17,2033,96,1,13277,301,846,23,71,9,99,100% 1BR,98,9/8/15,Standard 1
800018319,COBBS CREEK NSA,1925,South 54th Street LP,Profit Motivated,5256 Larchwood ST,PHILADELPHIA,PA,19143,Philadelphia,85,212,PA26A004001,"Other S8 Rehab, Active",85,7/31/25,7/31/17,2025,92,2.5,12917,301,1183,19,79,8,2,"79% 2BR, 21% 3BR",94,3/3/16,Standard 1
800058919,REED STREET PRESBYTERIAN APTS.,2001,Ave of the Arts Presbyterian-PSC Apts. Inc.,Non-Profit,1401 S. 16th Street,PHILADELPHIA,PA,19146,Philadelphia,84,86,PA26S951014,"PRAC 202/811, Active",84,9/30/17,9/30/17,2017,99,1,12435,287,427,22,80,8,100,100% 1BR,100,12/11/13,Standard 1
800018291,CENTER POST VILLAGE,1970,IS BEE STREET LLC,Profit Motivated,55 N 40th ST,PHILADELPHIA,PA,19104,Philadelphia,82,147,PA26M000077,"S8 Loan Mgmt, Active",82,2/28/19,2/28/17,2019,92,1.9,13020,307,1144,21,77,14,20,"53% 1BR, 39% 2BR, 8% 3BR",90,2/19/16,Standard 1
800018505,HEDGEROW APTS,1950,Hedgerow 81 LLC,Profit Motivated,"3147 N 16TH ST, A-1",PHILADELPHIA,PA,19132,Philadelphia,80,128,PA26E000013,"S8 Prop. Disp., Active",80,8/31/33,8/31/17,2033,99,1.6,7920,187,663,13,98,32,9,"70% 1BR, 30% 2BR",90,9/14/15,Standard 1
800018365,DORADO VILLAGE,1963,The Dorado Venture,Profit Motivated,2642 N MARSHALL ST,PHILADELPHIA,PA,19133,Philadelphia,,,PA26H084106,"S8 State Agency, Active",80,8/31/24,8/31/17,2024,,,,,,,,,,,96,6/10/16,Standard 1
800018290,RIEDER HOUSE A/K/A CENTER PARK,1980,MIRIAM AND ROBERT RIEDER HOUSE INC AKA CENTER PARK,Non-Profit,10102 JAMISON AVE,PHILADELPHIA,PA,19116,Philadelphia,77,93,PA26T871002,"Sec. 202, Active",77,10/31/19,10/31/17,2019,99,1.2,12037,275,779,21,87,2,100,100% 1BR,98,7/21/14,Standard 1
800058910,IVY RESIDENCE,1999,The Salvation Army Ivy Residence Inc,Non-Profit,4050 Ford Rd,Philadelphia,PA,19131,Philadelphia,74,78,PA26S951005,"PRAC 202/811, Active",74,11/30/17,11/30/17,2017,96,1.1,15069,344,290,26,68,4,100,100% 1BR,99,11/25/14,Standard 1
800018797,ANN THOMAS PRESBYTERIAN APTS.,1970,PRESBYTERIAN APARTMENTS AT 58TH STREET,Non-Profit,2000 S 58TH ST,PHILADELPHIA,PA,19143,Philadelphia,74,79,PA26T891005,"Sec. 202, Active",74,12/31/31,12/31/17,2031,99,1.1,13625,302,961,24,81,35,92,100% 1BR,99,7/29/15,Standard 1
800222747,REBA BROWN SENIOR RESIDENCE,2009,Deer Meadows Retirement Community Reba Brown Senior Residence,Non-Profit,1450 S 50th St,Philadelphia,PA,19143,Philadelphia,74,77,PA26S051001,"PRAC 202/811, Active",74,10/31/17,10/31/17,2017,99,1.1,14261,330,404,25,74,3,100,100% 1BR,96,2/18/16,Standard 1
800058929,COMMUNITY HOUSE,1974,Community Renaissance Alliance Inc.,Non-Profit,5501 N. 11TH STREET,PHILADELPHIA,PA,19120,Philadelphia,73,76,PA26S961009,"PRAC 202/811, Active",73,5/31/17,5/31/17,2017,95,1.1,12370,287,507,22,86,1,100,100% 1BR,99,12/13/13,Standard 1
800018970,UNIVERSITY CITY TOWNHOUSES,1983,Ibid Associates,Profit Motivated,3990 MARKET ST,PHILADELPHIA,PA,19104,Philadelphia,70,191,PA260037008,"Other S8 New, Active",70,5/8/18,5/8/17,2018,98,2.8,16685,390,1529,24,70,3,7,"26% 2BR, 74% 3BR",93,10/23/14,Standard 1
800018569,KENSINGTON TOWNHOUSES,1925,Kensington Family Associates,Profit Motivated,2607 NORTH HOWARD ST,PHILADELPHIA,PA,19133,Philadelphia,70,188,PA260037010,"Other S8 New, Active",70,11/30/32,11/30/17,2032,98,2.7,14028,305,900,20,80,21,17,"9% 1BR, 10% 2BR, 81% 3BR",95,10/6/15,Standard 1
800215214,NEUMANN SENIOR HOUSING,2006,NCC/Neumann Senior Housing Corp.,Non-Profit,1601 Palmer Street,PHILADELPHIA,PA,19125,Philadelphia,69,76,PA26S011008,"PRAC 202/811, Active",69,1/31/17,1/31/17,2017,98,1.1,13098,294,675,23,77,11,100,100% 1BR,72,10/30/15,Standard 3
800212937,"PHILIP MURRAY HOUSE, II",2016,Philip Murray House II Inc.,Non-Profit,6302 Old York Rd,Philadelphia,PA,19141,Philadelphia,69,84,PA26S001002,"PRAC 202/811, Active",69,11/30/17,11/30/17,2017,99,1.3,13220,308,337,22,88,0,100,100% 1BR,99,12/18/13,Standard 1
800217783,GREENWAY PRESBYTERIAN APARTMENTS,2005,"Greenway Presbyterian Apartments, Inc.",Non-Profit,2001 S 59th St,Philadelphia,PA,19143,Philadelphia,67,67,PA26S021008,"PRAC 202/811, Active",67,5/31/17,5/31/17,2017,97,1,14608,335,401,26,70,4,100,100% 1BR,98,12/12/13,Standard 1
800018402,ENON TOLAND APTS,1972,ENON TOLAND APTS. Corp.,Non-Profit,245 W QUEEN LN,PHILADELPHIA,PA,19144,Philadelphia,66,63,PA26L000004,"S8 Loan Mgmt, Active",66,5/31/21,5/31/17,2021,96,1,9996,237,429,18,100,94,32,100% 1BR,76,3/8/16,Standard 3
800215144,SOUTH PHILADELPHIA PRESBYTERIAN,1980,"South Philadelphia Presbyterian Apartments, Inc.",Non-Profit,501 JACKSON STREET,PHILADELPHIA,PA,19148,Philadelphia,66,68,PA26S011003,"PRAC 202/811, Active",66,7/31/17,7/31/17,2017,98,1,12613,289,497,22,80,9,100,100% 1BR,99,12/10/13,Standard 1
800222774,Mantua Presbyterian Apartments,1930,Mantua Presbyterian Apartments,Non-Profit,618 N 34th St,Philadelphia,PA,19104,Philadelphia,65,65,PA26S051004,"PRAC 202/811, Active",65,9/30/17,9/30/17,2017,99,1,13556,309,477,24,73,2,100,100% 1BR,99,11/25/13,Standard 1
800211729,PENSDALE APARTMENTS,2008,"Pensdale Housing, Inc.",Non-Profit,4200 Mitchell Street,PHILADELPHIA,PA,19128,Philadelphia,65,67,PA26S991009,"PRAC 202/811, Active",65,5/31/17,5/31/17,2017,99,1,16185,354,534,29,59,0,100,100% 1BR,95,12/5/13,Standard 1
800232302,NATIVITY BVM PL,1940,Nativity B.V.M. Place,Non-Profit,3255 Belgrade St,Philadelphia,PA,19134,Philadelphia,63,68,PA26S091005,"PRAC 202/811, Active",63,10/31/18,10/31/18,2018,93,1.1,14160,315,590,25,70,0,100,100% 1BR,,,
800018634,MAGNOLIA MEWS,1971,MAGNOLIA MEWS LTD.,Profit Motivated,5915 MAGNOLIA ST,PHILADELPHIA,PA,19144,Philadelphia,,,PA26E000010,"S8 Prop. Disp., Active",63,12/11/32,12/11/17,2032,,,,,,,,,,,91,2/23/16,Standard 1
800222787,PASCHALL SENIOR HOUSING,2009,Paschall Senior Housing Inc.,Non-Profit,2125 S 70th St,Philadelphia,PA,19142,Philadelphia,62,65,PA26S051005,"PRAC 202/811, Active",62,6/30/17,6/30/17,2017,97,1,12156,284,376,21,81,6,100,100% 1BR,93,10/24/13,Standard 1
800211683,CENTER PARK II,1980,"Center Park II, Inc.",Non-Profit,10102 Jamison Avenue,PHILADELPHIA,PA,19116,Philadelphia,60,66,PA26S991004,"PRAC 202/811, Active",60,5/31/17,5/31/17,2017,99,1.1,10877,251,382,19,93,5,100,100% 1BR,96,10/23/13,Standard 1
800215235,NEWCOURTLAND 202,2006,Germantown Home Section 202 Corporation,Non-Profit,6950 GERMANTOWN AVENUE,PHILADELPHIA,PA,19119,Philadelphia,60,62,PA26S011009,"PRAC 202/811, Active",60,4/30/17,4/30/17,2017,98,1,14050,322,439,25,74,10,100,100% 1BR,90,11/4/14,Standard 1
800018872,SIMPSON FLETCHER CONESTOGA HSE,,SIMPSON FLETCHER CONESTOGA COMMUNITY CORP.,Non-Profit,5353 W Master ST,PHILADELPHIA,PA,19131,Philadelphia,60,57,PA26T803001,"Sec. 202, Active",60,2/9/33,2/9/17,2033,93,1,11793,269,836,21,87,33,95,"98% 1BR, 2% 2BR",85,4/15/14,Standard 2
800018336,CORINTHIAN SQUARE,1992,CORINTHIAN SQUARE SENIOR CITIZENS HSG CORP,Non-Profit,6201 WISTER ST,PHILADELPHIA,PA,19138,Philadelphia,60,56,PA26T861020,"Sec. 202, Active",60,10/22/32,10/22/17,2032,91,1,11021,258,1116,20,93,29,89,100% 1BR,91,12/3/14,Standard 1
800018661,MERCY DOUGLAS RESIDENCES,1985,MERCY DOUGLASS HUMAN SERVICES RESIDENCES CORP,Non-Profit,4511 WALNUT ST,PHILADELPHIA,PA,19139,Philadelphia,60,67,PA26T821008,"Sec. 202, Active",60,6/25/31,6/25/17,2031,95,1.1,12129,289,994,21,85,40,90,100% 1BR,96,8/25/15,Standard 1
800018251,BRESLYN APTS,1912,Midtown Plaza Apartments Limited Partnership,Profit Motivated,4640 WALNUT ST,PHILADELPHIA,PA,19104,Philadelphia,,,PA26H084116,"S8 State Agency, Active",60,10/31/35,10/31/17,2035,,,,,,,,,,,,,
800018722,OLD CITY PRESBYTERIAN,1970,OLD CITY PRESBYTERY APTS. INC.,Non-Profit,25 N 4TH ST,PHILADELPHIA,PA,19106,Philadelphia,59,59,PA26S941008,"PRAC 202/811, Active",59,4/30/17,4/30/17,2017,97,1.1,12177,271,939,21,83,3,100,100% 1BR,97,12/17/14,Standard 1
800019028,WILLIAM B MOORE MANOR aka TENTH MEMORIAL BAPTIST H,1992,TENTH MEMORIAL NON-PROFIT DEVELOPMENT CORPORATION,Non-Profit,1999 Ridge Avenue,PHILADELPHIA,PA,19121,Philadelphia,59,61,PA26T861009,"Sec. 202, Active",59,4/28/34,4/28/17,2034,99,1,12704,295,987,22,85,13,98,100% 1BR,76,5/19/16,Standard 3
800018731,OPPORTUNITIES TOWERS III,1975,Opportunities for the Aging Housing Corp. III T/A Opportunities Tower III,Non-Profit,5524 HAVERFORD AVE,PHILADELPHIA,PA,19131,Philadelphia,59,59,PA26T871007,"Sec. 202, Active",59,7/7/31,7/7/17,2031,97,1,12042,282,980,21,86,34,90,100% 1BR,99,4/28/15,Standard 1
800018898,ST MATTHEW MANOR,1991,St Matthew Housing Development Inc,Non-Profit,230 N 57TH ST,PHILADELPHIA,PA,19139,Philadelphia,58,60,PA26T871001,"Sec. 202, Active",58,8/19/35,8/19/17,2035,100,1,12050,285,939,21,86,17,92,100% 1BR,96,7/28/15,Standard 1
800212978,CARIBE TOWERS,2004,HACE Management Company,Non-Profit,3231-65 N. 2nd Street,PHILADELPHIA,PA,19133,Philadelphia,114,,PA26S001008,"PRAC 202/811, Active",57,4/30/17,4/30/17,2017,,,,,,,,,,,93,12/12/14,Standard 1
800018304,DYNASTY COURT,1983,Philadelphia Housing Assoc. LLC,Profit Motivated,1011 RACE STREET,PHILADELPHIA,PA,19107,Philadelphia,56,122,PA260037009,"Other S8 New, Active",56,10/12/17,10/12/17,2017,100,2.1,15234,367,1212,23,84,9,67,"40% 1BR, 7% 2BR, 53% 3BR",93,11/4/15,Standard 1
800018689,MOUNT VERNON MANOR,2013,Mt. Vernon LP,Profit Motivated,3311 WALLACE STREET,PHILADELPHIA,PA,19104,PHILADELPHIA,55,96,PA26M000121,"S8 Loan Mgmt, Active",54,12/31/34,12/31/17,2034,95,1.8,10823,258,970,17,87,8,28,"15% 1BR, 72% 2BR, 13% 3BR",92,10/29/13,Standard 1
800058925,RALSTON MERCY-DOUGLASS HOUSE,1960,RALSTON/MERCY-DOUGLASS HOUSE,Non-Profit,3817 Market St,Philadelphia,PA,19104,Philadelphia,54,57,PA26S961005,"PRAC 202/811, Active",54,7/31/17,7/31/17,2017,99,1,13542,314,781,24,80,4,100,100% 1BR,95,12/27/13,Standard 1
800018727,ON LOK HOUSE,1984,"ON LOK HOUSE, INC.",Non-Profit,219 N 10TH ST,PHILADELPHIA,PA,19107,Philadelphia,54,65,PA26T803004,"Sec. 202, Active",54,6/30/34,6/30/17,2034,100,1.2,9917,234,1084,17,98,0,100,100% 1BR,89,5/25/16,Standard 2
800018309,CLARA BALDWIN APTS,1972,"Thomas L. Baldwin Senior Housing, L.P.",Profit Motivated,2600 W SUSQUEHANNA AVE,PHILADELPHIA,PA,19121,Philadelphia,54,55,PA26M000109,"S8 Loan Mgmt, Active",54,7/31/34,7/31/17,2034,91,1.1,11953,283,550,21,88,13,100,100% 1BR,96,10/14/15,Standard 1
800223985,HAVEN PENIEL SENIOR RESIDENCE,1998,Haven Peniel Development Corporation,Non-Profit,1615 N 23rd St,Philadelphia,PA,19121,Philadelphia,54,62,PA26S061003,"PRAC 202/811, Active",54,10/31/17,10/31/17,2017,99,1.1,12125,289,507,21,83,2,100,100% 1BR,100,12/19/13,Standard 1
800058936,FRIENDS GUILD HOUSE WEST TWO,1963,"GUILD HOUSE WEST, INC",Non-Profit,1221 Fairmount Street,PHILADELPHIA,PA,19123,Philadelphia,54,55,PA26S971004,"PRAC 202/811, Active",54,8/31/17,8/31/17,2017,93,1.1,12750,295,435,22,88,7,98,100% 1BR,95,12/20/13,Standard 1
800225051,IVY RESIDENCES II,1999,The Salvation Army Ivy Residence Inc,Non-Profit,4051 Ford Rd,Philadelphia,PA,19131,Philadelphia,53,52,PA26S071001,"PRAC 202/811, Active",53,1/31/17,1/31/17,2017,97,1,14142,322,367,25,73,0,100,100% 1BR,100,3/4/14,Standard 1
800058903,CASA CARIBE,1998,CASA CARIBE INC.,Non-Profit,173 WEST ALLEGHENY,PHILADELPHIA,PA,19140,Philadelphia,104,,PA26S941015,"PRAC 202/811, Active",52,6/30/18,6/30/18,2018,,,,,,,,,,,88,3/16/16,Standard 2
800018428,FOP SR CITIZEN INC,1971,FOP Senior Citizens Inc.,Non-Profit,730 BYBERRY RD,PHILADELPHIA,PA,19116,Philadelphia,52,49,PA26L000012,"S8 Loan Mgmt, Active",52,9/30/20,9/30/17,2020,92,1,14312,297,146,25,80,0,100,100% 1BR,99,10/20/15,Standard 1
800018658,MEADOW HOUSE,1975,FRANKFORD SENIOR HOUSING ASSOCIATES,Non-Profit,4649 PAUL STREET,PHILADELPHIA,PA,19124,Philadelphia,50,48,PA26S921002,"PRAC 202/811, Active",50,3/29/17,3/29/17,2017,94,1,12086,282,561,21,87,0,100,100% 1BR,84,12/10/14,Standard 2
800058909,MANOR GLEN,1960,Evangelical Senior Housing,Non-Profit,8403 Roosevelt Blvd,Philadelphia,PA,19152,Philadelphia,50,49,PA26S951004,"PRAC 202/811, Active",50,10/31/18,10/31/18,2018,95,1.1,11008,254,625,19,93,0,100,100% 1BR,25,4/28/16,Standard 3
800018779,PHILIPPIAN GARDENS,,"Philippian Gardens, Inc.",Non-Profit,5110 N SIXTH ST,PHILADELPHIA,PA,19120,Philadelphia,49,46,PA26S891007,"PRAC 202/811, Active",49,11/30/17,11/30/17,2017,97,1,14009,324,355,25,70,0,100,100% 1BR,89,1/7/14,Standard 2
800058896,BOOTH MANOR,2007,The Salvation Army Philadelphia Booth Manor Inc.,Non-Profit,5522 ARCH STREET,PHILADELPHIA,PA,19139,Philadelphia,49,51,PA26S941007,"PRAC 202/811, Active",49,6/30/18,6/30/18,2018,96,1,13233,306,513,23,73,14,100,100% 1BR,99,10/7/15,Standard 1
800222771,BOOTH MANOR II,2007,The Salvation Army Philadelphia Booth Manor Inc.,Non-Profit,5510 Arch St,Philadelphia,PA,19139,Philadelphia,49,51,PA26S051002,"PRAC 202/811, Active",49,10/31/17,10/31/17,2017,98,1,13175,306,439,23,88,25,100,100% 1BR,99,3/4/14,Standard 1
800235768,WYNNEFIELD PL,2014,Wynnefield Place LP,Profit Motivated,1717 N 54th St,Philadelphia,PA,19131,Philadelphia,48,51,PA26S101004,"PRAC 202/811, Active",48,11/30/17,11/30/17,2017,100,1,14701,347,367,26,69,8,100,100% 1BR,95,3/1/16,Standard 1
800018359,DIAMOND PARK,2017,PARTNERSHIP FOR URBAN HOUSING DEVELOPMENT,Non-Profit,1700 SUSQUEHANNA AVENUE,PHILADELPHIA,PA,19121,Philadelphia,47,52,PA26T821002,"Sec. 202, Active",47,6/26/31,6/26/17,2031,96,1.2,11223,266,1046,19,93,77,45,"50% 1BR, 50% 2BR",90,12/9/13,Standard 1
800018687,MOUNT CARMEL GARDENS,1974,MT. CARMEL GARDENS INC.,Non-Profit,5700-5726 RACE ST,PHILADELPHIA,PA,19131,Philadelphia,47,98,PA26M000110,"S8 Loan Mgmt, Active",47,5/31/35,5/31/17,2035,94,2,12420,280,759,19,83,20,13,"27% 1BR, 63% 2BR, 10% 3BR",100,10/24/13,Standard 1
800018840,SANSOM HOUSE,1950,"Mercy-Douglass Sansom House, Inc",Non-Profit,4508 SANSOM ST,PHILADELPHIA,PA,19139,Philadelphia,47,49,PA26S881011,"PRAC 202/811, Active",47,11/30/17,11/30/17,2017,98,1,12076,278,687,21,83,4,100,100% 1BR,88,12/4/14,Standard 2
800018614,LIPSCOMB SQUARE,1977,Lipscomb Square Housing Corporation,Non-Profit,625 S 12th ST,PHILADELPHIA,PA,19147,Philadelphia,46,85,PA26M000124,"S8 Loan Mgmt, Active",46,5/31/19,5/31/17,2019,93,1.9,14352,344,692,22,76,19,31,"42% 1BR, 4% 2BR, 53% 3BR",59,5/4/15,Standard 3
800018643,Maple Mount Vernon Apartments,1930,MMV Associates Limited Partnership,Profit Motivated,1702 MT VERNON ST,PHILADELPHIA,PA,19130,Philadelphia,42,93,PA26L000007,"S8 Loan Mgmt, Active",42,2/28/17,2/28/17,2017,98,2.2,12204,295,1013,19,81,12,14,"31% 1BR, 69% 2BR",95,8/12/14,Standard 1
800212975,SIMPSON MID-TOWN,2006,Simpson Mid-Town Inc.,Non-Profit,1001 Green St,Philadelphia,PA,19123,Philadelphia,40,45,PA26S001007,"PRAC 202/811, Active",40,9/30/17,9/30/17,2017,99,1.1,11108,256,411,20,85,11,100,100% 1BR,95,11/19/13,Standard 1
800235812,The Fairthorne,2013,FSH LP,Profit Motivated,6761 - 6763 Ridge Ave,Philadelphia,PA,19128,Philadelphia,40,43,PA26S101010,"PRAC 202/811, Active",40,9/30/17,9/30/17,2017,99,1.1,16510,385,238,29,55,2,100,100% 1BR,95,3/15/16,Standard 1
800211716,ST GEORGE CATHEDRAL MANOR,2005,St. George Cathedral Manor,Non-Profit,850 Locust Street,PHILADELPHIA,PA,19107,Philadelphia,39,55,PA26S991006,"PRAC 202/811, Active",39,10/13/17,10/13/17,2017,98,1.4,12246,294,382,20,93,0,100,100% 1BR,92,12/3/13,Standard 1
800018786,PINN GARDENS,1985,Pinn Gardens Inc.,Non-Profit,900 BELMONT AVE,PHILADELPHIA,PA,19131,Philadelphia,39,38,PA26S941010,"PRAC 202/811, Active",39,1/31/19,1/31/19,2019,97,1,13015,299,576,23,78,0,100,100% 1BR,59,4/26/16,Standard 3
800018556,JONES MEMORIAL,2005,JONES MEMORIAL COMMUNITY DEVELOPMENT CORP.,Non-Profit,1927 N 18TH ST,PHILADELPHIA,PA,19121,Philadelphia,38,86,PA26M000106,"S8 Loan Mgmt, Active",38,5/31/21,5/31/17,2021,93,2.3,11844,277,802,17,89,15,8,"41% 1BR, 54% 2BR, 5% 3BR",95,9/10/15,Standard 1
800019047,15TH & JEFFERSON STREET APTS.,,Nix Homes Investors LP,Profit Motivated,1418 N. 15th St.,PHILADELPHIA,PA,19121,Philadelphia,,,PA26H084118,"S8 State Agency, Active",38,10/31/34,10/31/17,2034,,,,,,,,,,,94,2/11/14,Standard 1
800079931,VILLAS DEL CARIBE APARTMENTS,,Villas Del Caribe Limited Partnership,Profit Motivated,167 W. Allegheney Avenue,PHILADELPHIA,PA,19140,Philadelphia,,,PAPF0049401,"Pension Fund, Active",37,12/31/27,12/31/17,2027,,,,,,,,,,,97,10/22/14,Standard 1
800018923,SUSQUEHANNA TOWNHOUSES,,MDCM DEVELOPMENT,Limited Dividend,2233 N 20TH ST,PHILADELPHIA,PA,19132,Philadelphia,,,PA26H084114,"S8 State Agency, Active",36,9/30/24,9/30/17,2024,,,,,,,,,,,88,4/29/15,Standard 2
800058932,CASA CARMEN APONTE,,Norris Square Senior Housing Inc.,Non-Profit,2121-37 N. HOWARD ST.,PHILADELPHIA,PA,19122,Philadelphia,35,41,PA26S961011,"PRAC 202/811, Active",35,7/31/17,7/31/17,2017,99,1.2,11706,281,510,20,94,2,100,100% 1BR,99,12/18/14,Standard 1
800018403,NEWHALL MANOR,1970,Enon-Toland Germantown Development corp.,Non-Profit,5323 NEWHALL ST,PHILADELPHIA,PA,19144,Philadelphia,26,23,PA26T851010,"Sec. 202, Active",26,12/12/31,12/12/17,2031,94,1,10670,250,874,19,91,83,100,100% 1BR,92,8/20/15,Standard 1
800018761,"PATH Housing Associates, Inc.",1960,"Path Housing Associates, Inc.",Non-Profit,7965 ALGON AVENUE,PHILADELPHIA,PA,19136,Philadelphia,25,25,PA26T841037,"Sec. 202, Active",25,3/28/33,3/28/17,2033,96,1,13147,315,610,23,88,100,28,100% 1BR,97,7/7/15,Standard 1
800018734,P.A.T.H. GROUP HOMES,1965,PATH INC.,Non-Profit,1835 BEYER AVE,PHILADELPHIA,PA,19115,Philadelphia,24,25,PA26T813002,"Sec. 202, Active",24,5/8/34,5/8/17,2034,102,1,11849,284,570,21,92,100,36,100% 1BR,97,12/2/14,Standard 1
800018326,SOMERVILLE HOMES,1940,Sommerville Homes LP,Limited Dividend,5325 N. 13TH STREET,PHILADELPHIA,PA,19141,Philadelphia,24,25,PA26L000023,"S8 Loan Mgmt, Active",24,12/31/19,12/31/17,2019,91,1,11291,264,452,20,92,0,100,100% 1BR,,,
800059236,INGLIS GARDENS I @ EASTWICK,,EASTWICK Section 811 Housing Corporation.,Non-Profit,3002-24 MARIO LANZA BLVD.,PHILADELPHIA,PA,19153,Philadelphia,24,30,PA26Q941001,"PRAC 202/811, Active",24,3/31/18,3/31/18,2018,100,1.3,11903,278,651,21,96,80,8,"50% 1BR, 50% 2BR",97,11/5/14,Standard 1
800018498,HAVERFORD HOUSE,1935,3416 ASSOCIATES LP,Profit Motivated,3416 HAVERFORD AVE,PHILADELPHIA,PA,19104,PHILADELPHIA,28,48,PA26L000027,"S8 Loan Mgmt, Active",23,9/30/17,9/30/17,2017,99,1.7,10787,261,762,17,86,29,7,"75% 1BR, 25% 2BR",74,5/12/15,Standard 3
800018684,MORELANE GARDENS,1959,"KRR PROPERTIES, Inc.",Profit Motivated,185 E WALNUT LN,PHILADELPHIA,PA,19144,Philadelphia,,,PA26E000003,"S8 Prop. Disp., Active",22,5/31/19,5/31/17,2019,,,,,,,,,,,88,11/5/14,Standard 2
800018426,FITZWATER HOMES PHASE II,,Holy Trinity Baptist Church Enterprise Inc.,Non-Profit,1818 BAINBRIDGE ST,PHILADELPHIA,PA,19146,Philadelphia,,,PA26M000113,"S8 Loan Mgmt, Active",22,8/31/35,8/31/17,2035,,,,,,,,,,,87,10/7/15,Standard 2
800215441,NEWCOURTLAND 811,2006,Germantown Home Section 811 Corporation,Non-Profit,6950 Germantown Ave,Philadelphia,PA,19119,Philadelphia,18,23,PA26Q011005,"PRAC 202/811, Active",18,5/31/17,5/31/17,2017,99,1.4,12027,276,918,20,94,48,94,100% 2BR,96,11/6/14,Standard 1
800018315,CO-MHAR RESIDENCE,1970,CO-MHAR RESIDENTIAL CORP0RATION,Non-Profit,608 W LEHIGH AVE,PHILADELPHIA,PA,19133,Philadelphia,18,15,PA26T841040,"Sec. 202, Active",18,1/13/32,1/13/18,2032,69,1,7728,186,543,14,100,100,7,100% 1BR,85,11/26/14,Standard 2
800112432,INGLIS GARDENS II @ EASTWICK,,Inglis Garden Section 811 Housing Corp.,Non-Profit,3026-3070 Mario Lanza Blvd.,PHILADELPHIA,PA,19153,Philadelphia,18,20,PA26Q981001,"PRAC 202/811, Active",18,6/30/17,6/30/17,2017,100,1.1,11224,269,761,20,100,95,28,"56% 1BR, 44% 2BR",99,10/31/13,Standard 1
800059260,RUDOLPHY/MERCY-DOUGLASS HOME,1880,Rudolphy/Mercy-Douglass Home for the Blind,Non-Profit,3827 Powelton Ave,Philadelphia,PA,19104,Philadelphia,16,16,PA26Q971004,"PRAC 202/811, Active",16,1/31/18,1/31/17,2018,100,1,12393,288,952,22,88,100,38,"88% 1BR, 13% 2BR",66,2/29/16,Standard 3
800018611,LILLIAN HOLIDAY RESIDENCE,1905,NORTHWESTERN HUMAN SERVICES OF PHILADELPHIA,Non-Profit,1532 W Champlost St,Philadelphia,PA,19141,Philadelphia,15,13,PA26Q901002,"PRAC 202/811, Active",15,11/30/17,11/30/17,2017,98,1,9725,233,123,17,92,100,77,100% 1BR,95,11/12/15,Standard 1
800217739,WASHINGTON LANE SECTION 811,2006,Washington Lane Section 811 Housing Corporation,Non-Profit,1200 E Washington Lane,PHILADELPHIA,PA,19138,Philadelphia,14,17,PA26Q021001,"PRAC 202/811, Active",14,7/31/17,7/31/17,2017,100,1.2,12722,299,818,22,86,82,43,"71% 1BR, 29% 2BR",100,1/30/14,Standard 1
800219573,INGLIS GARDENS AT GERMANTOWN,2007,Germantown Section 811 Housing Corporation,Non-Profit,332-334 E Walnut Lane,Philadelphia,PA,19144,Philadelphia,14,17,PA26Q031002,"PRAC 202/811, Active",14,7/31/17,7/31/17,2017,100,1.3,13793,331,932,23,77,76,8,"77% 1BR, 23% 2BR",99,8/12/15,Standard 1
800018667,MH RESIDENCE,,"MH RESIDENCES, INC.",Non-Profit,2027 E ALLEGHENY AVE,PHILADELPHIA,PA,19134,Philadelphia,13,,PA26T831018,"Sec. 202, Active",13,2/13/21,2/13/17,2021,,,,,,,,,,,67,2/29/16,Standard 3
800226241,LIBERTY RESOURCES CONDOS THIRTEEN,1980,LICP III INCC,Non-Profit,5526 Vine Street,PHILADELPHIA,PA,19139,Philadelphia,13,13,PA26Q081003,"PRAC 202/811, Active",13,2/18/17,2/18/17,2017,99,1.1,10923,259,704,19,92,92,17,100% 1BR,97,9/2/15,Standard 1
800223947,KEN-CREST PA 2006,1969,"Ken-Crest Housing PA 2006, Inc",Non-Profit,11608 Gifford St,Philadelphia,PA,19116,Philadelphia,12,11,PA26Q061001,"PRAC 202/811, Active",12,11/30/17,11/30/17,2017,97,1,10118,240,792,18,100,100,18,100% 1BR,93,11/5/13,Standard 1
800018302,CHESHIRE HOUSE,1920,CHESHIRE HOME INC,Non-Profit,427 E WASHINGTON LN,PHILADELPHIA,PA,19144,Philadelphia,12,11,PA26T861005,"Sec. 202, Active",12,12/3/34,12/3/17,2034,97,1,10762,259,1330,19,91,91,27,100% 1BR,65,4/27/16,Standard 3
800219708,CREASE DYRE SUPPORTED INDEPENDENT LIVING,,Crease-Dyre Housing Dev Corp,Non-Profit,1327-37 Crease Street,Philadelphia,PA,19125,Philadelphia,11,,PA26Q031004,"PRAC 202/811, Active",11,5/31/17,5/31/17,2017,,,,,,,,,,,81,9/10/15,Standard 2
800215428,KEYSTONE SUPPORTED INDEPENDENT,1970,Keystone Housing Development Corp.,Non-Profit,6300 KEYSTONE STREET,PHILADELPHIA,PA,19135,Philadelphia,11,,PA26Q011002,"PRAC 202/811, Active",11,9/30/17,9/30/17,2017,,,,,,,,,,,88,1/21/14,Standard 2
800215432,WALNUT SUPPPORTED INDEPENDENT LIVING,1945,Walnut Housing Development Corp.,Non-Profit,700 S 19TH STREET,PHILADELPHIA,PA,19146,Philadelphia,11,11,PA26Q011003,"PRAC 202/811, Active",11,10/31/17,10/31/17,2017,99,1,12715,304,287,23,82,100,27,100% 1BR,94,12/6/13,Standard 1
800225037,LIBERTY RESOURCES CONDOS ELEVEN,1900,Liberty Community Integration Program II Inc,Non-Profit,1100 S Broad St,Philadelphia,PA,19146,Philadelphia,11,,PA26Q071001,"PRAC 202/811, Active",11,8/31/17,8/31/17,2017,,,,,,,,,,,95,9/1/15,Standard 1
800219695,BUSTLETON SUPPORTED INDEPENDENT LIVING,1963,Bustleton Housing Development,Non-Profit,6727 Bustleton Avenue,Philadelphia,PA,19149,Philadelphia,11,11,PA26Q031003,"PRAC 202/811, Active",11,5/31/17,5/31/17,2017,98,1,9357,225,411,17,100,100,18,"91% 1BR, 9% 2BR",99,8/4/15,Standard 1
800018282,CASA FARNESE,1966,Casa Farnese  INC,Non-Profit,1300 LOMBARD ST,PHILADELPHIA,PA,19147,Philadelphia,206,,PA26T831037,"Sec. 202, Active",10,3/31/35,3/31/17,2033,,,,,,,,,,,99,12/29/15,Standard 1
800018599,LEHIGH APARTMENTS,1950,CO-MHAR INC,Non-Profit,105 E LEHIGH AVE,PHILADELPHIA,PA,19125,Philadelphia,18,17,PA26T808001,"Sec. 202, Active",10,6/20/34,6/20/17,2034,98,1,10019,238,344,18,100,100,6,"6% 1BR, 94% 2BR",80,12/4/14,Standard 2
800221281,MANTUA SUPPORTED INDEPENDENT LIVING,,Mantua I Corporation,Non-Profit,3613-3621 Fairmount Ave,Philadelphia,PA,19014,Philadelphia,10,,PA26Q041001,"PRAC 202/811, Active",10,3/31/17,3/31/17,2017,,,,,,,,,,,91,9/16/15,Standard 1
800222564,MELON SUPPD INDEP LVG 5366,,Melon I Corporation,Non-Profit,3616-3626 MELON ST,PHILADELPHIA,PA,19104,Philadelphia,10,,PA26Q051001,"PRAC 202/811, Active",10,9/30/17,9/30/17,2017,,,,,,,,,,,81,2/12/14,Standard 2
800217811,CENTER-SOUTH SUPPORTED INDEPENDENT LIVING,1850,Center South Housing Develop. Corp.,Non-Profit,1213 Spruce Street,PHILADELPHIA,PA,19107,Philadelphia,10,,PA26Q021004,"PRAC 202/811, Active",10,5/31/17,5/31/17,2017,,,,,,,,,,,77,8/11/15,Standard 3
800217770,CASTOR SUPPORTED INDEPENDENT LIVING,1965,Castor Housing Development,Non-Profit,7900 Castor Avenue,PHILADELPHIA,PA,19152,Philadelphia,10,,PA26Q021002,"PRAC 202/811, Active",10,6/30/17,6/30/17,2017,,,,,,,,,,,98,11/22/13,Standard 1
800226235,KEN CREST PA 2008,1967,"Ken-Crest Housing PA 2007, Inc.",Non-Profit,1862 BERWYN ST,PHILADELPHIA,PA,19115,Philadelphia,9,,PA26Q081002,"PRAC 202/811, Active",9,4/30/17,4/30/17,2017,,,,,,,,,,,94,6/17/15,Standard 1
800232489,KEN CREST PA 2009 GROUP HOME,1925,"Ken-Crest Housing PA 2009, Inc.",Non-Profit,743 Byberry Rd,Philadelphia,PA,19116,Philadelphia,9,,PA26Q091007,"PRAC 202/811, Active",9,4/30/17,4/30/17,2017,,,,,,,,,,,89,6/11/15,Standard 2
800226242,TEMPLE SUPPD INDEP LVG,1920,"Arch V - Temple N. 16th Street, LP",Profit Motivated,1704 N 16TH ST,PHILADELPHIA,PA,19121,Philadelphia,9,,PA26Q081004,"PRAC 202/811, Active",9,2/28/17,2/28/17,2017,,,,,,,,,,,87,9/15/15,Standard 2
800018316,CO-MHAR SIRCL,1970,CO-MHAR INC,Non-Profit,2201 E YORK ST,PHILADELPHIA,PA,19125,Philadelphia,8,,PA26T784014,"Sec. 202, Active",8,6/30/34,6/30/17,2034,,,,,,,,,,,87,12/1/14,Standard 2
800235832,WESTMINSTER PL SIL,2014,"Partnership Preservation Associates, LP",Profit Motivated,4501 - 4515 Westminster Ave,Philadelphia,PA,19131,Philadelphia,7,,PA26Q101002,"PRAC 202/811, Active",7,6/30/18,6/30/18,2018,,,,,,,,,,,,,
800018694,MR RESIDENCES,1980,MR RESIDENCES,Non-Profit,129 W ALLEGHENY AVE,PHILADELPHIA,PA,19133,Philadelphia,7,,PA26T831033,"Sec. 202, Active",7,7/6/21,7/6/21,2021,,,,,,,,,,,91,11/26/14,Standard 1
800019009,WEBSTER STREET HOUSE,1935,"TRANSITIONAL HOUSING, INC.",Non-Profit,5205 WEBSTER ST,PHILADELPHIA,PA,19143,Philadelphia,7,,PA26T793009,"Sec. 202, Active",7,4/19/18,4/19/17,2018,,,,,,,,,,,81,3/2/16,Standard 2
800226243,CHANDLER S I L,2011,Columbus III Housing Development Corporation,Non-Profit,419 CHANDLER ST,PHILADELPHIA,PA,19111,Philadelphia,6,,PA26Q081005,"PRAC 202/811, Active",6,5/31/17,5/31/17,2017,,,,,,,,,,,97,7/23/15,Standard 1
800213023,KEN-CREST CENTERS - PA 2000,1950,Ken Crest Centers Housing PA 2000 Inc,Non-Profit,9350 Andover Rd,Philadelphia,PA,19114,Philadelphia,6,,PA26Q001002,"PRAC 202/811, Active",6,9/19/17,9/19/17,2017,,,,,,,,,,,94,10/29/13,Standard 1
800018893,ST GEORGE'S MANOR,1925,FIRST SHARED HOUSING CORPORATION,Non-Profit,540 S 61ST ST,PHILADELPHIA,PA,19143,Philadelphia,6,,PA26T851023,"Sec. 202, Active",6,2/5/34,2/5/17,2034,,,,,,,,,,,95,12/9/14,Standard 1
800225042,LIBERTY RESOURCES CONDOS FIVE,1960,"Liberty Community integration Program, Inc",Non-Profit,7600 E Roosevelt Blvd,Philadelphia,PA,19152,Philadelphia,5,,PA26Q071002,"PRAC 202/811, Active",5,4/30/17,4/30/17,2017,,,,,,,,,,,97,6/30/15,Standard 1
800226244,OGDEN GARDENS,2011,"ALAW Ogden Gardens, Inc.",Non-Profit,4033 Ogden St,Philadelphia,PA,19104,Philadelphia,4,,PA26Q081006,"PRAC 202/811, Active",4,5/31/17,5/31/17,2017,,,,,,,,,,,87,7/9/15,Standard 2
800059248,WESTMINSTER HOOPES,2005,Westminster Hoopes Family Residence Corporation,Non-Profit,5038 Westminster Avenue,Philadelphia,PA,19139,Philadelphia,4,,PA26Q951006,"PRAC 202/811, Active",4,8/31/17,8/31/17,2017,,,,,,,,,,,90,11/21/13,Standard 1